first_name,last_name,email
Cort,Whilder,cwhilder0@seattletimes.com
Temple,Skaife,tskaife1@noaa.gov
Lissie,Vannet,lvannet2@mapquest.com
Bartlett,Capelow,bcapelow3@sourceforge.net
Blithe,Sancho,bsancho4@gravatar.com
Ambros,Scrine,ascrine5@bizjournals.com
Chen,Longridge,clongridge6@goo.gl
Ford,Fearnill,ffearnill7@amazon.de
Honor,Middlebrook,hmiddlebrook8@storify.com
Ingram,Paynton,ipaynton9@parallels.com
Ardath,Colloff,acolloffa@netvibes.com
Rudd,Pococke,rpocockeb@theguardian.com
Leonardo,Stutter,lstutterc@pen.io
Christiano,Sheal,csheald@miibeian.gov.cn
Orv,Giannassi,ogiannassie@google.fr
Harmonie,Tower,htowerf@state.tx.us
Bo,Screeton,bscreetong@dot.gov
Melisse,Cottham,mcotthamh@discovery.com
Margot,Cox,mcoxi@ted.com
Homer,Palfreyman,hpalfreymanj@hc360.com
Bendicty,Hamlin,bhamlink@123-reg.co.uk
Rhodie,Stack,rstackl@homestead.com
Gerry,Scranney,gscranneym@php.net
Geno,Frith,gfrithn@toplist.cz
Susi,Wenban,swenbano@hatena.ne.jp
Vivienne,Andreix,vandreixp@merriam-webster.com
Janie,Moore,jmooreq@tmall.com
Corly,Unsworth,cunsworthr@earthlink.net
Brade,Partener,bparteners@prnewswire.com
Shawnee,Joincey,sjoinceyt@github.com
Evangeline,Klaggeman,eklaggemanu@omniture.com
Mildred,Giddins,mgiddinsv@ebay.co.uk
Gradeigh,Esel,geselw@patch.com
Amby,Slemmonds,aslemmondsx@tripadvisor.com
Catlee,Mulligan,cmulligany@engadget.com
Kakalina,Rosa,krosaz@acquirethisname.com
Jandy,Skipton,jskipton10@istockphoto.com
Shaun,Lello,slello11@dot.gov
Alfy,Robottom,arobottom12@issuu.com
Hershel,Stent,hstent13@wp.com
Tallulah,Fearnehough,tfearnehough14@parallels.com
Veronika,Siddele,vsiddele15@gnu.org
Koo,Duley,kduley16@npr.org
King,Foottit,kfoottit17@blogs.com
Ofelia,Bransden,obransden18@disqus.com
Bennie,Welden,bwelden19@comsenz.com
Crin,Skillanders,cskillanders1a@about.com
Hunt,Semonin,hsemonin1b@eepurl.com
Shaylynn,De Freyne,sdefreyne1c@plala.or.jp
Sharon,Muress,smuress1d@indiegogo.com
Vivyan,Willisch,vwillisch1e@archive.org
Freddie,Mertgen,fmertgen1f@mit.edu
Abbye,Lyvon,alyvon1g@nymag.com
Birgitta,Bleasby,bbleasby1h@google.es
Talyah,Christal,tchristal1i@npr.org
Hewet,Fort,hfort1j@sbwire.com
Eolanda,Kermannes,ekermannes1k@usatoday.com
Eryn,Tirrey,etirrey1l@typepad.com
Rayshell,Niaves,rniaves1m@parallels.com
Gabe,Bohlsen,gbohlsen1n@cpanel.net
Liva,Bes,lbes1o@timesonline.co.uk
Celinda,Duiged,cduiged1p@4shared.com
Kirsteni,Ruddock,kruddock1q@netscape.com
Penn,Henkens,phenkens1r@discovery.com
Kylie,Leask,kleask1s@4shared.com
Shalom,Hudspith,shudspith1t@github.com
Cassaundra,Fache,cfache1u@github.io
Luther,O'Quin,loquin1v@sphinn.com
Carie,Gilham,cgilham1w@yahoo.co.jp
Althea,Rochelle,arochelle1x@archive.org
Hermann,Hawyes,hhawyes1y@go.com
Burke,Woodard,bwoodard1z@umich.edu
Gal,Dudney,gdudney20@tmall.com
Constantin,Kupper,ckupper21@dot.gov
Siegfried,Kolinsky,skolinsky22@nih.gov
Ly,Etherton,letherton23@freewebs.com
Irena,Craine,icraine24@meetup.com
Aleen,Vanini,avanini25@hao123.com
Jill,Sille,jsille26@nih.gov
Ardenia,Farrow,afarrow27@cloudflare.com
Ellen,Lefeuvre,elefeuvre28@nih.gov
Nat,Cicullo,ncicullo29@miibeian.gov.cn
Greta,Orht,gorht2a@msu.edu
Aharon,Jahner,ajahner2b@printfriendly.com
Marsha,Barhems,mbarhems2c@howstuffworks.com
Krishnah,McClay,kmcclay2d@goodreads.com
Krishnah,Hambatch,khambatch2e@home.pl
Roz,Skyrme,rskyrme2f@macromedia.com
Yancey,Flipsen,yflipsen2g@cafepress.com
Cacilia,Josse,cjosse2h@ustream.tv
Melosa,Vanyutin,mvanyutin2i@liveinternet.ru
Carmine,Alison,calison2j@parallels.com
Gearalt,Pidgin,gpidgin2k@w3.org
Kalina,Dohr,kdohr2l@irs.gov
Rois,Cuphus,rcuphus2m@si.edu
Eryn,Swanston,eswanston2n@mail.ru
Xerxes,Lyndon,xlyndon2o@nytimes.com
Adolph,Mathonnet,amathonnet2p@reddit.com
Ulla,Sivill,usivill2q@businessinsider.com
Nils,Menicomb,nmenicomb2r@sina.com.cn
Humfrid,Icke,hicke2s@cbslocal.com
Lauren,Ellison,lellison2t@google.de
Lowrance,Braunter,lbraunter2u@wikipedia.org
Annmaria,Johnsey,ajohnsey2v@washingtonpost.com
Issy,Hexam,ihexam2w@sphinn.com
Osborn,Henmarsh,ohenmarsh2x@w3.org
Cara,Douche,cdouche2y@pagesperso-orange.fr
Clare,Aseef,caseef2z@parallels.com
Anallise,Carwithen,acarwithen30@sciencedirect.com
Townsend,Glencrash,tglencrash31@berkeley.edu
Lisabeth,Bootland,lbootland32@bloomberg.com
Denice,Room,droom33@google.fr
Romola,Cornelisse,rcornelisse34@hhs.gov
Rollin,Giottoi,rgiottoi35@t.co
Ibrahim,Kondratenya,ikondratenya36@soundcloud.com
Dominga,Checcucci,dcheccucci37@economist.com
Corey,Salerg,csalerg38@springer.com
Riley,Trevan,rtrevan39@uiuc.edu
Franky,Chantillon,fchantillon3a@utexas.edu
Emalia,Maypowder,emaypowder3b@loc.gov
Garner,Spargo,gspargo3c@histats.com
Darelle,Josland,djosland3d@amazon.co.jp
Lorelle,Loveman,lloveman3e@arizona.edu
Danita,Lindbergh,dlindbergh3f@sciencedaily.com
Cloris,Youster,cyouster3g@zdnet.com
Sansone,Corkitt,scorkitt3h@wp.com
Lyle,Arthey,larthey3i@bizjournals.com
Bel,Castillou,bcastillou3j@ucsd.edu
Allix,Beckensall,abeckensall3k@t.co
Kalindi,Allderidge,kallderidge3l@oracle.com
Harv,Gilyott,hgilyott3m@woothemes.com
Ettore,Mattusov,emattusov3n@archive.org
Faydra,Meddows,fmeddows3o@google.co.uk
Hunter,Campling,hcampling3p@istockphoto.com
Anneliese,Angrove,aangrove3q@earthlink.net
Giordano,Pannaman,gpannaman3r@reuters.com
Doro,Mates,dmates3s@businesswire.com
Sydney,McGragh,smcgragh3t@unicef.org
Halli,Humbles,hhumbles3u@wsj.com
Henrie,Borrett,hborrett3v@geocities.jp
Ange,Dungay,adungay3w@phoca.cz
Neila,Shingfield,nshingfield3x@uol.com.br
Porty,Jovasevic,pjovasevic3y@jugem.jp
Sayer,Broune,sbroune3z@photobucket.com
Vikky,Zannotelli,vzannotelli40@360.cn
Estrella,Bracci,ebracci41@ustream.tv
Andree,Orcott,aorcott42@un.org
Morrie,Thomsen,mthomsen43@prweb.com
Courtnay,Pilling,cpilling44@state.tx.us
Arline,Goymer,agoymer45@hhs.gov
Eldridge,Reiners,ereiners46@google.cn
Freddie,Fullwood,ffullwood47@slate.com
Torre,Passman,tpassman48@last.fm
Oriana,Epdell,oepdell49@discovery.com
Loren,Van Oord,lvanoord4a@who.int
Maddie,Carrol,mcarrol4b@istockphoto.com
Loella,Raylton,lraylton4c@imageshack.us
Vannie,Baggallay,vbaggallay4d@t.co
Bekki,Eul,beul4e@php.net
Izaak,Pendleberry,ipendleberry4f@chicagotribune.com
Addie,Eskriet,aeskriet4g@github.io
Bren,Faux,bfaux4h@marketwatch.com
Audry,Bowdrey,abowdrey4i@issuu.com
Shawna,Elleton,selleton4j@twitter.com
Arnold,Breslin,abreslin4k@amazonaws.com
Karine,Saward,ksaward4l@dailymotion.com
Hanna,Hattoe,hhattoe4m@privacy.gov.au
Mari,Vautin,mvautin4n@vkontakte.ru
Ellwood,Yexley,eyexley4o@usda.gov
Clerkclaude,Drew,cdrew4p@gizmodo.com
Nelli,Pogg,npogg4q@hostgator.com
Lorrie,Renny,lrenny4r@studiopress.com
Francene,Gommey,fgommey4s@toplist.cz
Jobi,Staden,jstaden4t@cloudflare.com
Ricki,Bortolini,rbortolini4u@mlb.com
Wally,Singh,wsingh4v@cnbc.com
Crissie,Quinion,cquinion4w@ca.gov
Erhard,Kupker,ekupker4x@whitehouse.gov
Filide,Raincin,fraincin4y@wordpress.org
Amelita,Minear,aminear4z@webnode.com
Augustine,Garvill,agarvill50@yandex.ru
Gabby,Maciocia,gmaciocia51@dyndns.org
Kimberlyn,Astell,kastell52@trellian.com
Dale,Keems,dkeems53@google.fr
Cherilyn,Klich,cklich54@sphinn.com
Floris,Antonellini,fantonellini55@squidoo.com
Gradey,Arbor,garbor56@ovh.net
Merl,Hruska,mhruska57@csmonitor.com
Phillie,Pyffe,ppyffe58@opensource.org
Manny,Amorts,mamorts59@reddit.com
Luis,Hodgins,lhodgins5a@barnesandnoble.com
Currey,Castagneto,ccastagneto5b@elpais.com
Alphonso,Wasmer,awasmer5c@qq.com
Artemis,Seczyk,aseczyk5d@accuweather.com
Billy,Kidner,bkidner5e@php.net
Kellen,Grime,kgrime5f@arstechnica.com
Charmane,Ivashnikov,civashnikov5g@ezinearticles.com
Trescha,Slesser,tslesser5h@state.gov
Konrad,Pennetti,kpennetti5i@ftc.gov
Marlee,Baldacchi,mbaldacchi5j@usa.gov
Melita,Grolle,mgrolle5k@ovh.net
Jeramey,Impett,jimpett5l@merriam-webster.com
Charmane,Casson,ccasson5m@va.gov
Fredia,Blinde,fblinde5n@photobucket.com
Carita,MacCourt,cmaccourt5o@google.cn
Gavra,Schermick,gschermick5p@howstuffworks.com
Marco,Creak,mcreak5q@apache.org
Stevana,Vaskin,svaskin5r@whitehouse.gov
Armand,Curzon,acurzon5s@hibu.com
Ninon,Frodsham,nfrodsham5t@studiopress.com
Bordy,Codi,bcodi5u@xinhuanet.com
Nerta,Wilshin,nwilshin5v@elegantthemes.com
Rafaelita,Beeston,rbeeston5w@etsy.com
Alfonso,Townes,atownes5x@pagesperso-orange.fr
Murdock,Robic,mrobic5y@is.gd
Fernandina,Labdon,flabdon5z@vinaora.com
Blondell,McNeil,bmcneil60@slashdot.org
Jenine,Besnard,jbesnard61@hud.gov
Babara,Garlant,bgarlant62@geocities.com
Tawnya,Adlam,tadlam63@gravatar.com
Aveline,Son,ason64@uol.com.br
Heriberto,Learned,hlearned65@webs.com
Klarika,Tukely,ktukely66@desdev.cn
Ben,Myrtle,bmyrtle67@mail.ru
Libbi,Trevains,ltrevains68@google.es
Benedikt,Cooke,bcooke69@ocn.ne.jp
Hughie,Olyonov,holyonov6a@1und1.de
Livvie,Tebbe,ltebbe6b@artisteer.com
Curr,Fretter,cfretter6c@wix.com
Phelia,Kirtlan,pkirtlan6d@bloomberg.com
Gonzalo,Stoodale,gstoodale6e@home.pl
Harrison,Schriren,hschriren6f@domainmarket.com
Lydia,Castelot,lcastelot6g@i2i.jp
Lionel,De Rechter,lderechter6h@cafepress.com
Kippie,Padberry,kpadberry6i@fema.gov
Dore,Lumsdaine,dlumsdaine6j@foxnews.com
Dael,Forty,dforty6k@sciencedirect.com
Pascale,Stenbridge,pstenbridge6l@macromedia.com
Emilio,Radoux,eradoux6m@issuu.com
Dav,Meiningen,dmeiningen6n@usgs.gov
Wyn,Lansly,wlansly6o@ihg.com
Carolynn,Ioannidis,cioannidis6p@shop-pro.jp
Ollie,Allibon,oallibon6q@sitemeter.com
Nollie,Defrain,ndefrain6r@smh.com.au
Chrotoem,Calven,ccalven6s@github.io
Reinold,Lively,rlively6t@mac.com
Pattie,Lindblom,plindblom6u@lycos.com
Timmy,Medlicott,tmedlicott6v@wiley.com
Sheela,Kidstoun,skidstoun6w@timesonline.co.uk
Dominick,Ding,dding6x@home.pl
Thekla,Stanlick,tstanlick6y@github.io
Ashlin,Guyver,aguyver6z@ted.com
Wolfgang,Ziehm,wziehm70@uiuc.edu
Marty,Scandrick,mscandrick71@exblog.jp
Jolene,Rispin,jrispin72@toplist.cz
Lynn,Dupoy,ldupoy73@about.com
Angie,Shee,ashee74@xinhuanet.com
Latrena,Chimes,lchimes75@arizona.edu
Levy,Linley,llinley76@usgs.gov
Kara-lynn,Quinn,kquinn77@thetimes.co.uk
Penny,Kill,pkill78@dedecms.com
Read,Gerauld,rgerauld79@youku.com
Grover,Orth,gorth7a@dot.gov
Petronella,Sawood,psawood7b@springer.com
Anet,Scamadine,ascamadine7c@dedecms.com
Glynnis,McCafferty,gmccafferty7d@163.com
Gretal,Esmonde,gesmonde7e@seattletimes.com
Louie,Gilleson,lgilleson7f@naver.com
Audi,Venditto,avenditto7g@berkeley.edu
Tabbie,Pinn,tpinn7h@redcross.org
Ches,Lissandri,clissandri7i@hexun.com
Dev,Skokoe,dskokoe7j@youtube.com
Wendye,Manach,wmanach7k@china.com.cn
Crissy,Wapples,cwapples7l@i2i.jp
Penny,Zarfai,pzarfai7m@miitbeian.gov.cn
Lief,Reffe,lreffe7n@hubpages.com
Jon,Mathewes,jmathewes7o@printfriendly.com
Wesley,Alyokhin,walyokhin7p@cam.ac.uk
Nanette,Lashley,nlashley7q@marketwatch.com
Seamus,Sawrey,ssawrey7r@indiatimes.com
Weidar,Felipe,wfelipe7s@list-manage.com
Robenia,Spottiswoode,rspottiswoode7t@uiuc.edu
Jacklin,McAster,jmcaster7u@wordpress.com
Merridie,Galbreth,mgalbreth7v@dot.gov
Hiram,Morican,hmorican7w@instagram.com
Dewey,Case,dcase7x@cafepress.com
Bobine,Moehle,bmoehle7y@imgur.com
Orlan,MacGorrie,omacgorrie7z@yolasite.com
Quincey,Elfe,qelfe80@tinypic.com
Sadella,Spadelli,sspadelli81@earthlink.net
Ingamar,Clemoes,iclemoes82@timesonline.co.uk
Tracey,Isgar,tisgar83@icio.us
Janey,Mardall,jmardall84@google.fr
Ardis,Fenech,afenech85@1688.com
Lyndsay,Kieran,lkieran86@cbsnews.com
Wilden,Petit,wpetit87@parallels.com
Nelly,Woodruffe,nwoodruffe88@tiny.cc
Issiah,Ellul,iellul89@upenn.edu
Mendy,De Nisco,mdenisco8a@samsung.com
Jarrad,Vivers,jvivers8b@sbwire.com
Wilie,Colin,wcolin8c@mozilla.org
Cathlene,Hurlestone,churlestone8d@ftc.gov
Charlotta,Gelardi,cgelardi8e@wix.com
Minnie,Pantin,mpantin8f@wiley.com
Faydra,Isaacs,fisaacs8g@nih.gov
Sarena,Ascroft,sascroft8h@epa.gov
Konrad,Yell,kyell8i@google.ru
Tobiah,Abrahamsen,tabrahamsen8j@stanford.edu
Maggie,Dearing,mdearing8k@upenn.edu
Conrado,Sodor,csodor8l@chicagotribune.com
Annalise,Dorwood,adorwood8m@redcross.org
Far,Alishoner,falishoner8n@parallels.com
Judah,Tolemache,jtolemache8o@digg.com
Evyn,Battams,ebattams8p@indiatimes.com
Merola,Momery,mmomery8q@oracle.com
Sly,Shuttleworth,sshuttleworth8r@nydailynews.com
Jarad,Clayfield,jclayfield8s@acquirethisname.com
Shayne,Alldread,salldread8t@diigo.com
Norbert,Kirtley,nkirtley8u@telegraph.co.uk
Charil,Morrall,cmorrall8v@unc.edu
Lyndsie,Winckworth,lwinckworth8w@t.co
Moritz,Daly,mdaly8x@cargocollective.com
Feliza,Raittie,fraittie8y@prlog.org
Mariquilla,Barrim,mbarrim8z@ehow.com
Sula,MacGillicuddy,smacgillicuddy90@comsenz.com
Chev,Burgwyn,cburgwyn91@quantcast.com
Nessa,Calley,ncalley92@acquirethisname.com
Shae,Gideon,sgideon93@wordpress.com
Tana,Breissan,tbreissan94@nationalgeographic.com
Haskell,Malloch,hmalloch95@liveinternet.ru
Vidovic,Woonton,vwoonton96@hugedomains.com
Alwin,Bathoe,abathoe97@tiny.cc
Winifred,Tayloe,wtayloe98@nbcnews.com
Isadora,Ioannou,iioannou99@flickr.com
Justis,Sholl,jsholl9a@cornell.edu
Chantal,Yendle,cyendle9b@washingtonpost.com
Dorice,Barkas,dbarkas9c@cdc.gov
Franzen,Mixter,fmixter9d@harvard.edu
De witt,Navan,dnavan9e@people.com.cn
Vladimir,Assad,vassad9f@webnode.com
Vyky,Grimsdell,vgrimsdell9g@state.gov
Beltran,Halifax,bhalifax9h@eepurl.com
Crissie,Vearncombe,cvearncombe9i@google.nl
Romain,MacMaykin,rmacmaykin9j@eepurl.com
Nichole,Moehler,nmoehler9k@mapquest.com
Enrichetta,Skones,eskones9l@bloglines.com
Lynn,Cox,lcox9m@hatena.ne.jp
Hubie,Merigot,hmerigot9n@tripod.com
Dimitry,Iianon,diianon9o@chicagotribune.com
Robert,Bastistini,rbastistini9p@biblegateway.com
Sindee,Favela,sfavela9q@amazonaws.com
Kenneth,Strodder,kstrodder9r@mysql.com
Channa,Langfield,clangfield9s@bloglovin.com
Yardley,Biasioli,ybiasioli9t@aboutads.info
Vanya,Fidler,vfidler9u@ocn.ne.jp
Jeni,Eilhart,jeilhart9v@newsvine.com
Isidore,Wenham,iwenham9w@sohu.com
Peder,Southouse,psouthouse9x@phpbb.com
Corette,Beeson,cbeeson9y@npr.org
Grady,Gutherson,ggutherson9z@mlb.com
Sargent,Naish,snaisha0@phoca.cz
Emmalynne,McGivena,emcgivenaa1@blogspot.com
Leila,Purdie,lpurdiea2@digg.com
Craggie,Cawsy,ccawsya3@google.co.jp
Nadeen,Peplow,npeplowa4@foxnews.com
Marcel,Wrout,mwrouta5@yahoo.co.jp
Beatrisa,Bendin,bbendina6@newyorker.com
Morry,Chidgey,mchidgeya7@wikipedia.org
Benny,Giraudy,bgiraudya8@yahoo.com
Klarika,Pere,kperea9@guardian.co.uk
Emmye,Wittering,ewitteringaa@pagesperso-orange.fr
Samson,Jirieck,sjirieckab@wiley.com
Lurline,Franchioni,lfranchioniac@netlog.com
Ritchie,Angood,rangoodad@globo.com
Gerta,Bony,gbonyae@eventbrite.com
Tallou,Rawkesby,trawkesbyaf@unblog.fr
Gae,Trangmar,gtrangmarag@odnoklassniki.ru
Petronilla,Moberley,pmoberleyah@ask.com
Mill,Eaddy,meaddyai@prlog.org
Dollie,Teenan,dteenanaj@goo.ne.jp
Helen,Goggey,hgoggeyak@technorati.com
Garey,Plaister,gplaisteral@gmpg.org
Hubert,Dubbin,hdubbinam@stumbleupon.com
Ambrosius,Raecroft,araecroftan@who.int
Ertha,Gillon,egillonao@vistaprint.com
Meggie,Stanman,mstanmanap@ox.ac.uk
Brandais,Roebuck,broebuckaq@nps.gov
Lewiss,Kienzle,lkienzlear@unesco.org
Bethena,Jeafferson,bjeaffersonas@linkedin.com
Pace,Bore,pboreat@mtv.com
Wit,Cottesford,wcottesfordau@slate.com
Michelina,Nisbith,mnisbithav@sogou.com
Alberik,Lloyd-Williams,alloydwilliamsaw@sohu.com
Dorian,Pitts,dpittsax@state.tx.us
Hestia,Douthwaite,hdouthwaiteay@purevolume.com
Mag,Creasy,mcreasyaz@lycos.com
Reggy,Camplen,rcamplenb0@tripadvisor.com
Loni,Issacov,lissacovb1@army.mil
Romonda,Nerne,rnerneb2@sourceforge.net
Jesus,Iacomo,jiacomob3@free.fr
Care,Board,cboardb4@va.gov
Eyde,Le Quesne,elequesneb5@house.gov
Starlene,Djurisic,sdjurisicb6@myspace.com
Audrey,Swanborough,aswanboroughb7@multiply.com
Emmy,Jancy,ejancyb8@github.io
Berte,Kleisle,bkleisleb9@spiegel.de
Marcie,Mabbs,mmabbsba@wikimedia.org
Athena,Corkett,acorkettbb@qq.com
Waring,Moncaster,wmoncasterbc@123-reg.co.uk
Corty,Tofts,ctoftsbd@diigo.com
Lida,Lude,lludebe@tripadvisor.com
Kayla,Probbing,kprobbingbf@ihg.com
Conant,Decruse,cdecrusebg@mozilla.com
Wini,Geockle,wgeocklebh@yahoo.co.jp
Terri-jo,Gurry,tgurrybi@ted.com
Deloris,Broadley,dbroadleybj@taobao.com
Dalila,Angrove,dangrovebk@ezinearticles.com
Becki,Bento,bbentobl@ifeng.com
Savina,Letford,sletfordbm@com.com
Cindra,Pocke,cpockebn@chron.com
Micaela,Huyhton,mhuyhtonbo@narod.ru
Rebeca,Andric,randricbp@chron.com
Slade,Le Grys,slegrysbq@macromedia.com
Rhys,Eamer,reamerbr@adobe.com
Elvera,Dorkin,edorkinbs@ocn.ne.jp
Mercedes,Hawkin,mhawkinbt@xinhuanet.com
Sax,Gillmore,sgillmorebu@diigo.com
Eberto,Penhalewick,epenhalewickbv@apache.org
Christian,Colville,ccolvillebw@nhs.uk
Milly,Craddy,mcraddybx@jigsy.com
Mikol,Bredbury,mbredburyby@ibm.com
Upton,Crooke,ucrookebz@tripod.com
Lorant,Cremen,lcremenc0@miibeian.gov.cn
Carena,Leatherbarrow,cleatherbarrowc1@yahoo.co.jp
Garrek,Melin,gmelinc2@spotify.com
Ulrick,Spinas,uspinasc3@yandex.ru
Johny,Trayhorn,jtrayhornc4@usnews.com
Kerstin,Mattusevich,kmattusevichc5@parallels.com
Valeria,Sambath,vsambathc6@blogspot.com
Ilene,Gounet,igounetc7@vkontakte.ru
Domenico,McGoon,dmcgoonc8@arstechnica.com
Chrisy,MacKill,cmackillc9@ovh.net
Ruggiero,Almey,ralmeyca@spiegel.de
Luelle,Cazalet,lcazaletcb@spotify.com
Forbes,Rehme,frehmecc@cloudflare.com
Hillery,Weedenburg,hweedenburgcd@issuu.com
Fulvia,Trays,ftraysce@desdev.cn
Maurene,Klaaasen,mklaaasencf@google.ca
Bryan,Wyeld,bwyeldcg@indiatimes.com
Lazar,Eagar,leagarch@zdnet.com
Midge,Assard,massardci@merriam-webster.com
Daisey,Mayfield,dmayfieldcj@imageshack.us
Junia,Tinghill,jtinghillck@java.com
Valentino,Featonby,vfeatonbycl@foxnews.com
Salomi,Pietsma,spietsmacm@themeforest.net
Tamqrah,Iacovuzzi,tiacovuzzicn@usgs.gov
Stephen,Falkingham,sfalkinghamco@hubpages.com
Gennifer,Linsley,glinsleycp@qq.com
Rosa,Janny,rjannycq@myspace.com
Weston,O'Rowane,worowanecr@fotki.com
Holli,Collingworth,hcollingworthcs@yale.edu
Benedict,Goley,bgoleyct@ted.com
Herb,Pamphilon,hpamphiloncu@utexas.edu
Barrie,Digle,bdiglecv@webnode.com
Toby,Josefson,tjosefsoncw@amazon.co.jp
Bobbie,Cromleholme,bcromleholmecx@sphinn.com
Kristo,Mathiasen,kmathiasency@goo.gl
Susi,Quixley,squixleycz@flickr.com
Natalee,Drable,ndrabled0@tinyurl.com
Nadiya,Boakes,nboakesd1@bravesites.com
Romonda,Redferne,rredferned2@nifty.com
Rosaline,Lorant,rlorantd3@alexa.com
Demetre,Pietz,dpietzd4@imageshack.us
Carissa,Altofts,caltoftsd5@harvard.edu
Gillie,Eltune,geltuned6@redcross.org
Kass,Bignold,kbignoldd7@sciencedirect.com
Nonah,Riches,nrichesd8@jalbum.net
Veronique,Nettle,vnettled9@geocities.com
Lari,Dekeyser,ldekeyserda@epa.gov
Merola,Dearle-Palser,mdearlepalserdb@loc.gov
Michel,Blamire,mblamiredc@wikia.com
Bobbi,Rumney,brumneydd@imdb.com
Robinson,Derrington,rderringtonde@aboutads.info
Morse,Mc Faul,mmcfauldf@paypal.com
Carly,Crowdson,ccrowdsondg@hao123.com
Eimile,Challenger,echallengerdh@ft.com
Ambrosio,Penney,apenneydi@deliciousdays.com
Kore,McKernan,kmckernandj@home.pl
Odetta,Jikovsky,ojikovskydk@whitehouse.gov
Layney,L'argent,llargentdl@reference.com
Illa,Featley,ifeatleydm@si.edu
Lara,Brisley,lbrisleydn@ustream.tv
Dominique,Hacking,dhackingdo@ucoz.com
Portia,Cuniam,pcuniamdp@unicef.org
Sven,Bourcq,sbourcqdq@php.net
Abraham,Hadny,ahadnydr@live.com
Kimberlee,Prosser,kprosserds@nytimes.com
Deane,Hicken,dhickendt@archive.org
Milly,Ainger,maingerdu@netscape.com
Neysa,Saich,nsaichdv@accuweather.com
Norrie,Bellchamber,nbellchamberdw@alibaba.com
Lin,Jakab,ljakabdx@photobucket.com
Letti,Cuss,lcussdy@surveymonkey.com
Anthiathia,Berard,aberarddz@amazon.co.uk
Rob,Eirwin,reirwine0@senate.gov
Birgitta,Sabatier,bsabatiere1@gov.uk
Judy,Terne,jternee2@devhub.com
Rafaelita,Heminsley,rheminsleye3@craigslist.org
Adina,Phlippi,aphlippie4@altervista.org
Demetra,Panketh,dpankethe5@blog.com
Alisander,McKimmie,amckimmiee6@rakuten.co.jp
Elene,Dumper,edumpere7@digg.com
Franzen,Wholesworth,fwholesworthe8@networksolutions.com
Cinnamon,Penticoot,cpenticoote9@shareasale.com
Duff,Rowatt,drowattea@moonfruit.com
Susanna,Griffitt,sgriffitteb@wordpress.com
Isahella,Bendel,ibendelec@e-recht24.de
Trev,Troake,ttroakeed@paypal.com
Fedora,Benesevich,fbenesevichee@discovery.com
Jordana,Keir,jkeiref@umich.edu
Grete,Arsey,garseyeg@addtoany.com
Vonny,Boschmann,vboschmanneh@simplemachines.org
Waite,Saphir,wsaphirei@tuttocitta.it
Joshua,Dearell,jdearellej@skype.com
Christen,Sreenan,csreenanek@netvibes.com
Cyndi,Martell,cmartellel@angelfire.com
Hope,Jervis,hjervisem@si.edu
Emlynn,Braganza,ebraganzaen@businessinsider.com
Rubia,Menhci,rmenhcieo@wix.com
Angela,Stainburn,astainburnep@salon.com
Westleigh,Cull,wculleq@nasa.gov
Marysa,Scarlett,mscarletter@jiathis.com
Tades,Oldroyde,toldroydees@wufoo.com
Bryanty,MacMearty,bmacmeartyet@disqus.com
Cherye,Fruish,cfruisheu@google.fr
Ruthie,Aizikovitch,raizikovitchev@deliciousdays.com
Ferrel,Burges,fburgesew@apple.com
Muriel,Sidworth,msidworthex@ebay.co.uk
Moss,Valenti,mvalentiey@ning.com
Catlin,Crumpton,ccrumptonez@alibaba.com
Cate,Dunbar,cdunbarf0@webnode.com
Essie,Prendeguest,eprendeguestf1@dailymotion.com
Marissa,Christer,mchristerf2@spotify.com
Marcelia,Eytel,meytelf3@bravesites.com
Caryl,Rysdale,crysdalef4@arstechnica.com
Luciana,Treend,ltreendf5@moonfruit.com
Damaris,Ismay,dismayf6@so-net.ne.jp
Darda,Strettell,dstrettellf7@alexa.com
Sal,Shillabear,sshillabearf8@odnoklassniki.ru
Alysa,Philipps,aphilippsf9@skyrock.com
Flint,Whittlesea,fwhittleseafa@japanpost.jp
Conrade,Hearmon,chearmonfb@java.com
Nelie,Bernardin,nbernardinfc@vk.com
Nikolai,Marrow,nmarrowfd@nature.com
Errick,Mountstephen,emountstephenfe@guardian.co.uk
Klaus,Sudy,ksudyff@oakley.com
Antone,Feldstern,afeldsternfg@symantec.com
Hendrick,Caffery,hcafferyfh@intel.com
Ferdinand,Betteriss,fbetterissfi@webs.com
Thebault,Stamper,tstamperfj@eepurl.com
Aprilette,Sibbe,asibbefk@moonfruit.com
Zorah,Kilmister,zkilmisterfl@businessweek.com
Johny,Radmer,jradmerfm@boston.com
Yvor,Blancowe,yblancowefn@stanford.edu
Charis,Ogg,coggfo@stanford.edu
Clarance,Ivey,civeyfp@newsvine.com
Wainwright,Headings,wheadingsfq@51.la
Crichton,Baraclough,cbaracloughfr@ucoz.ru
Normy,Notton,nnottonfs@noaa.gov
Briana,Yankishin,byankishinft@archive.org
Kalvin,Golton,kgoltonfu@prnewswire.com
Brigitte,Caird,bcairdfv@sina.com.cn
Linoel,Le Teve,lletevefw@cargocollective.com
Adrea,Fitzmaurice,afitzmauricefx@bloglines.com
Cherye,Crichton,ccrichtonfy@wsj.com
Barron,Donegan,bdoneganfz@digg.com
Tully,Boydle,tboydleg0@xing.com
Barron,Widd,bwiddg1@plala.or.jp
Lonnie,Cranstoun,lcranstoung2@360.cn
Austin,Georgeon,ageorgeong3@fc2.com
Rusty,Brothwood,rbrothwoodg4@marketwatch.com
Dasya,Liddell,dliddellg5@gizmodo.com
Daffi,O'Cullinane,docullinaneg6@biblegateway.com
Alexandros,Vasenin,avasening7@google.ca
Giulietta,Henighan,ghenighang8@usda.gov
Alfreda,Antonetti,aantonettig9@sphinn.com
Eve,Betteney,ebetteneyga@slashdot.org
Octavius,Happs,ohappsgb@ning.com
Marco,Blondel,mblondelgc@chicagotribune.com
Skip,McGeaney,smcgeaneygd@ifeng.com
Carmen,Jasik,cjasikge@paginegialle.it
Marijo,Lisle,mlislegf@harvard.edu
Tanney,Abramovitch,tabramovitchgg@sciencedirect.com
Tristan,Jozefczak,tjozefczakgh@prlog.org
Roze,Janaszewski,rjanaszewskigi@amazon.co.uk
Hilda,Brinkman,hbrinkmangj@dailymotion.com
Marjie,Cokayne,mcokaynegk@posterous.com
Tonnie,Writer,twritergl@oracle.com
Abeu,Worley,aworleygm@cocolog-nifty.com
Tobie,Dall,tdallgn@dagondesign.com
Jany,Brinkman,jbrinkmango@csmonitor.com
Caressa,Lawranson,clawransongp@free.fr
Lizzie,Signore,lsignoregq@mayoclinic.com
Ruthi,Scahill,rscahillgr@msu.edu
Chantalle,Orrock,corrockgs@163.com
Doralynn,Ambrose,dambrosegt@spiegel.de
Tobe,Asbrey,tasbreygu@w3.org
Lebbie,Fattorini,lfattorinigv@amazon.co.uk
Rafael,Bockman,rbockmangw@123-reg.co.uk
Ealasaid,Beamiss,ebeamissgx@usa.gov
Trent,Clements,tclementsgy@google.co.uk
Charyl,Revance,crevancegz@bigcartel.com
Mohandis,McMurty,mmcmurtyh0@mozilla.com
Mic,Asif,masifh1@examiner.com
Marcelle,Gudgin,mgudginh2@cdc.gov
Concordia,Haggeth,chaggethh3@cloudflare.com
Joaquin,Boult,jboulth4@amazon.co.uk
Quint,Eam,qeamh5@vimeo.com
Jacinta,Gokes,jgokesh6@shop-pro.jp
Rance,Cochern,rcochernh7@earthlink.net
Patrizius,Gunstone,pgunstoneh8@skyrock.com
Randy,Eccles,recclesh9@marketwatch.com
Chickie,Wilkowski,cwilkowskiha@taobao.com
Amandie,Yantsev,ayantsevhb@oakley.com
Oralle,Files,ofileshc@trellian.com
Brigham,McGeady,bmcgeadyhd@howstuffworks.com
Woodie,Jorin,wjorinhe@nasa.gov
Winifield,Dows,wdowshf@paypal.com
Rowney,Brownell,rbrownellhg@smh.com.au
Pryce,Stangoe,pstangoehh@people.com.cn
Maximo,Jedrzej,mjedrzejhi@theguardian.com
Roddy,Nolli,rnollihj@kickstarter.com
Merell,Gaymer,mgaymerhk@businessweek.com
Aurelia,Weafer,aweaferhl@dailymail.co.uk
Lucy,Emsden,lemsdenhm@wunderground.com
Berk,Barlace,bbarlacehn@webeden.co.uk
Suzette,Beausang,sbeausangho@ocn.ne.jp
Abbie,de Guerre,adeguerrehp@reuters.com
Lindsey,Irwin,lirwinhq@virginia.edu
Ashton,Ogle,aoglehr@hhs.gov
Klarrisa,Osgar,kosgarhs@clickbank.net
Bogey,Johnsee,bjohnseeht@google.cn
Rebeka,Curragh,rcurraghhu@discuz.net
Nathaniel,Quennell,nquennellhv@chron.com
Rustie,Sabater,rsabaterhw@mlb.com
Rosmunda,Giovannacc@i,rgiovannaccihx@kickstarter.com
Derrik,De Few,ddefewhy@meetup.com
Rossy,Gerretsen,rgerretsenhz@wikispaces.com
Abbe,Dillaway,adillawayi0@washington.edu
Jarad,Greensite,jgreensitei1@nationalgeographic.com
Athena,Casajuana,acasajuanai2@microsoft.com
Birdie,Oades,boadesi3@hud.gov
Crysta,Peto,cpetoi4@va.gov
Bailey,Haselhurst,bhaselhursti5@t.co
Gratia,Spinney,gspinneyi6@va.gov
Darwin,Wardlow,dwardlowi7@intel.com
Melly,Ferrarin,mferrarini8@pen.io
Lebbie,Loxston,lloxstoni9@plala.or.jp
Mozes,Neilus,mneilusia@free.fr
Ezechiel,Goadby,egoadbyib@si.edu
Ranice,Bridal,rbridalic@slideshare.net
Wallie,Gagen,wgagenid@ft.com
Leupold,Muncie,lmuncieie@kickstarter.com
Artemis,McIndrew,amcindrewif@alexa.com
Julietta,Phant,jphantig@webmd.com
Sheilakathryn,Birchenough,sbirchenoughih@soundcloud.com
Linda,Eldershaw,leldershawii@stanford.edu
Grannie,Bedlington,gbedlingtonij@freewebs.com
Spense,Stelli,sstelliik@auda.org.au
Mair,Gever,mgeveril@constantcontact.com
Jocko,Curtayne,jcurtayneim@ed.gov
Seana,Mounce,smouncein@scientificamerican.com
Kristan,De la Eglise,kdelaegliseio@dropbox.com
Boyd,Caulket,bcaulketip@amazon.co.jp
Shelden,Kenrat,skenratiq@elpais.com
Riannon,Simmons,rsimmonsir@jalbum.net
Concordia,Frushard,cfrushardis@vimeo.com
Marie-ann,Hulburd,mhulburdit@wix.com
Beniamino,Eastwell,beastwelliu@amazon.com
Lishe,Noar,lnoariv@xing.com
Hewett,D'Orsay,hdorsayiw@imdb.com
Free,Roddie,froddieix@cnbc.com
Carlin,Formoy,cformoyiy@twitter.com
Nannie,Ripsher,nripsheriz@themeforest.net
Webb,Whorlton,wwhorltonj0@mediafire.com
Fairlie,Padilla,fpadillaj1@earthlink.net
Markos,Shiell,mshiellj2@ebay.co.uk
Ellie,Rymill,erymillj3@army.mil
Lorita,Daspar,ldasparj4@businessinsider.com
Miran,Humphries,mhumphriesj5@businessweek.com
Huntley,Blincoe,hblincoej6@dion.ne.jp
Celle,Soreau,csoreauj7@nytimes.com
Humberto,Bryson,hbrysonj8@goo.gl
Sasha,Stennings,sstenningsj9@hud.gov
Vaughn,Carlet,vcarletja@issuu.com
Jannel,Mackrell,jmackrelljb@issuu.com
Lilas,Demangeon,ldemangeonjc@sogou.com
Filippa,Skullet,fskulletjd@spiegel.de
Anna,Boome,aboomeje@ftc.gov
Brendan,Cardon,bcardonjf@google.cn
Hastings,Chiplen,hchiplenjg@paypal.com
Gauthier,Krystek,gkrystekjh@reddit.com
Drusy,Codrington,dcodringtonji@topsy.com
Spence,Gabbetis,sgabbetisjj@google.co.jp
Collie,Sangster,csangsterjk@homestead.com
Eleanora,Clingoe,eclingoejl@blog.com
Adham,Abbison,aabbisonjm@cornell.edu
Biddy,Von Brook,bvonbrookjn@shinystat.com
Christean,Casburn,ccasburnjo@a8.net
Sarah,Davidovitch,sdavidovitchjp@4shared.com
Sebastian,Gerardeaux,sgerardeauxjq@bluehost.com
Enrika,Hursey,ehurseyjr@goodreads.com
Archibold,Pittendreigh,apittendreighjs@cmu.edu
Annissa,Ewington,aewingtonjt@theatlantic.com
Kippar,Bowmer,kbowmerju@drupal.org
Lefty,Deaville,ldeavillejv@gizmodo.com
Evyn,Badby,ebadbyjw@cmu.edu
Austin,Conry,aconryjx@hostgator.com
Terrye,Carbin,tcarbinjy@scientificamerican.com
Mitzi,Grinin,mgrininjz@army.mil
Derrik,Kuhnhardt,dkuhnhardtk0@hp.com
Levy,Djuricic,ldjuricick1@state.gov
Charil,Strevens,cstrevensk2@slashdot.org
Benn,Gillinghams,bgillinghamsk3@bizjournals.com
Catie,Pizzey,cpizzeyk4@vkontakte.ru
Kassie,Satterley,ksatterleyk5@ca.gov
Wenonah,Dudley,wdudleyk6@kickstarter.com
Constantia,Tarzey,ctarzeyk7@bizjournals.com
Netta,Makinson,nmakinsonk8@amazonaws.com
Batsheva,Chatt,bchattk9@ycombinator.com
Karlik,Bricknell,kbricknellka@desdev.cn
Clayson,Walkowski,cwalkowskikb@storify.com
Gale,Mackneis,gmackneiskc@scribd.com
Regen,Anstey,ransteykd@mit.edu
Lyndy,Yakolev,lyakolevke@cnn.com
Fionnula,Matchitt,fmatchittkf@chronoengine.com
Lion,Kibbye,lkibbyekg@deliciousdays.com
Caleb,Isted,cistedkh@princeton.edu
Emelina,Butterwick,ebutterwickki@fda.gov
Lamond,Standish-Brooks,lstandishbrookskj@google.cn
Lindsay,Lazarus,llazaruskk@archive.org
Kathi,Yegoshin,kyegoshinkl@example.com
Johna,Marsland,jmarslandkm@paginegialle.it
Erek,Rosle,eroslekn@mac.com
James,Vlies,jvliesko@oaic.gov.au
Devlin,Page,dpagekp@aol.com
Wait,Bacon,wbaconkq@guardian.co.uk
Giff,Livick,glivickkr@furl.net
Gayle,Georgi,ggeorgiks@example.com
Laney,Cartmel,lcartmelkt@privacy.gov.au
Philis,Sabatini,psabatiniku@123-reg.co.uk
Caddric,Bagott,cbagottkv@linkedin.com
Isabelita,Colthurst,icolthurstkw@flavors.me
Karee,Jallin,kjallinkx@plala.or.jp
Ara,Hellier,ahellierky@reuters.com
Stanley,Manuello,smanuellokz@comcast.net
Jehu,Labden,jlabdenl0@yahoo.com
Nike,Passey,npasseyl1@mac.com
Blondie,Moral,bmorall2@wordpress.com
Lemmy,Amiable,lamiablel3@soup.io
Carmelia,McHenry,cmchenryl4@ehow.com
Lira,McGhie,lmcghiel5@alexa.com
Udale,Gravenell,ugravenelll6@cpanel.net
Joyous,Bapty,jbaptyl7@chron.com
Valdemar,Stowers,vstowersl8@mapquest.com
Saba,Castagno,scastagnol9@miitbeian.gov.cn
Hersch,Kimmerling,hkimmerlingla@youtube.com
Linzy,Dilliston,ldillistonlb@google.fr
Derry,Northgraves,dnorthgraveslc@slate.com
Giacobo,Noonan,gnoonanld@si.edu
Marcellus,Labrenz,mlabrenzle@wunderground.com
Phelia,Ilsley,pilsleylf@pbs.org
Marci,Kingswood,mkingswoodlg@gmpg.org
Henriette,Spinney,hspinneylh@ed.gov
Cara,Stimson,cstimsonli@elpais.com
Alice,Reinbech,areinbechlj@nba.com
Ashien,Blakey,ablakeylk@tripod.com
Leslie,Tottem,ltottemll@addtoany.com
Uriah,Kidd,ukiddlm@wordpress.com
Reinaldos,Gillson,rgillsonln@berkeley.edu
Leona,Tomley,ltomleylo@time.com
Netti,Siley,nsileylp@ox.ac.uk
Cassie,Toms,ctomslq@unesco.org
Barri,Congreave,bcongreavelr@weather.com
Lexy,Giblett,lgiblettls@bluehost.com
Woody,Lurriman,wlurrimanlt@ezinearticles.com
Starr,Barbisch,sbarbischlu@mlb.com
Brewster,Sissens,bsissenslv@ucsd.edu
Wilhelm,Ellse,wellselw@blog.com
Malcolm,Olech,molechlx@howstuffworks.com
Leland,Hovee,lhoveely@archive.org
Breanne,Duffin,bduffinlz@naver.com
Sherie,Telega,stelegam0@skyrock.com
Alana,Laweles,alawelesm1@liveinternet.ru
Madelene,Sayle,msaylem2@dmoz.org
Jacquie,Pauling,jpaulingm3@pcworld.com
Antonin,Goulthorp,agoulthorpm4@umn.edu
Evanne,Trebilcock,etrebilcockm5@comcast.net
Bear,Skells,bskellsm6@dmoz.org
Claudius,Marousek,cmarousekm7@stumbleupon.com
Fidole,McClifferty,fmccliffertym8@umn.edu
Keene,Gallop,kgallopm9@rambler.ru
Rosana,Cowely,rcowelyma@netvibes.com
Emili,Drinkeld,edrinkeldmb@hhs.gov
Celia,Shackesby,cshackesbymc@nymag.com
Megan,Sapp,msappmd@dailymail.co.uk
Monte,Condon,mcondonme@mapy.cz
Ernestine,Hammerton,ehammertonmf@blogs.com
Kennedy,Sketchley,ksketchleymg@bluehost.com
Axe,Grogona,agrogonamh@desdev.cn
Zorana,Pammenter,zpammentermi@guardian.co.uk
Kiri,Harp,kharpmj@cbc.ca
Stanislaus,Dolbey,sdolbeymk@comcast.net
Marjy,Dorie,mdorieml@rediff.com
Wernher,Bottomore,wbottomoremm@diigo.com
Novelia,Pinch,npinchmn@weebly.com
Charity,Hand,chandmo@live.com
Matty,Borrow,mborrowmp@wufoo.com
Ted,De'Vere - Hunt,tdeverehuntmq@thetimes.co.uk
Dulciana,Childe,dchildemr@purevolume.com
Tamar,Halladey,thalladeyms@independent.co.uk
Antoine,Kellough,akelloughmt@friendfeed.com
Orland,Pechan,opechanmu@trellian.com
Marlowe,Ashby,mashbymv@weibo.com
Suellen,Keepin,skeepinmw@upenn.edu
Craig,Jewes,cjewesmx@google.de
Eustace,Levene,elevenemy@guardian.co.uk
Woody,Cowling,wcowlingmz@bigcartel.com
Rhiamon,Joddens,rjoddensn0@plala.or.jp
Kirsteni,Langeren,klangerenn1@soundcloud.com
Lew,Giovannazzi,lgiovannazzin2@marketwatch.com
Ulises,Walsh,uwalshn3@slashdot.org
Loydie,Rickeard,lrickeardn4@harvard.edu
Dimitry,Cullen,dcullenn5@nbcnews.com
Chauncey,Edelman,cedelmann6@liveinternet.ru
Fifine,Penhearow,fpenhearown7@pcworld.com
Barny,Axston,baxstonn8@reddit.com
Rafaelia,O'Hern,rohernn9@imdb.com
Garwood,Iacopetti,giacopettina@tripadvisor.com
Madel,Beetham,mbeethamnb@seattletimes.com
Abbye,Bulbeck,abulbecknc@thetimes.co.uk
Pedro,Jannex,pjannexnd@cargocollective.com
Joanna,De Minico,jdeminicone@mlb.com
Michail,Nellies,mnelliesnf@msn.com
Bucky,Audus,baudusng@ucoz.ru
Mauricio,Robertshaw,mrobertshawnh@craigslist.org
Morganne,Minocchi,mminocchini@imdb.com
Rossie,Parker,rparkernj@prlog.org
Audie,Howells,ahowellsnk@europa.eu
Fanny,Greenard,fgreenardnl@squarespace.com
Christian,Phipps,cphippsnm@webnode.com
Sonni,Brosel,sbroselnn@ucsd.edu
Chelsy,Lumpkin,clumpkinno@squarespace.com
Murray,Rao,mraonp@amazon.de
Jonell,Lindenboim,jlindenboimnq@blogger.com
Fleurette,Vise,fvisenr@devhub.com
Etty,Rowden,erowdenns@eepurl.com
Aura,Balke,abalkent@europa.eu
Karlotte,Brolly,kbrollynu@newsvine.com
Henderson,De Andreis,hdeandreisnv@i2i.jp
Abeu,Rabbage,arabbagenw@netvibes.com
Drucill,Gain,dgainnx@etsy.com
Dallis,Jahncke,djahnckeny@apple.com
Brucie,Scammell,bscammellnz@sina.com.cn
Peadar,Santoro,psantoroo0@mashable.com
Shirleen,Jerzykiewicz,sjerzykiewiczo1@google.co.jp
Gladys,Rugg,gruggo2@sohu.com
Meryl,Coad,mcoado3@huffingtonpost.com
Oberon,Vernau,overnauo4@cbc.ca
Weidar,Posthill,wposthillo5@cloudflare.com
Alleyn,Le Borgne,aleborgneo6@g.co
Mic,Prescot,mprescoto7@theguardian.com
Nissa,Crosi,ncrosio8@youtu.be
Rourke,Webb,rwebbo9@furl.net
Patrice,Huffer,phufferoa@hatena.ne.jp
Maible,Sirkett,msirkettob@rambler.ru
Teresa,Allingham,tallinghamoc@chicagotribune.com
Ferdy,Mayman,fmaymanod@wp.com
Stanislaus,Dawidowitz,sdawidowitzoe@bravesites.com
Sianna,Pennycuick,spennycuickof@ft.com
Amandy,Fullerlove,afullerloveog@is.gd
Iorgo,Heppner,iheppneroh@yellowpages.com
Lucky,Cupitt,lcupittoi@tripadvisor.com
Zachery,Threlkeld,zthrelkeldoj@rakuten.co.jp
Gaye,Findley,gfindleyok@statcounter.com
Eartha,Bibby,ebibbyol@eventbrite.com
Julie,Leneham,jlenehamom@newsvine.com
Cristabel,Buswell,cbuswellon@marketwatch.com
Gilda,Padfield,gpadfieldoo@sfgate.com
Ophelie,Matejic,omatejicop@gmpg.org
Eugenia,Jeggo,ejeggooq@360.cn
Paquito,Mill,pmillor@weebly.com
Blake,Archibald,barchibaldos@newyorker.com
Florinda,Spondley,fspondleyot@cnbc.com
Nora,Celler,ncellerou@dot.gov
Kane,Normavell,knormavellov@answers.com
Fionnula,Benjamin,fbenjaminow@hc360.com
Hakeem,Cordall,hcordallox@uol.com.br
Lyssa,Rubinsky,lrubinskyoy@bravesites.com
Town,Barensen,tbarensenoz@edublogs.org
Leonelle,Lubeck,llubeckp0@vistaprint.com
Zolly,George,zgeorgep1@cocolog-nifty.com
Henrie,Fitzroy,hfitzroyp2@msn.com
Terza,Westell,twestellp3@delicious.com
Dyanna,Kitchenham,dkitchenhamp4@aboutads.info
Lorianne,Godier,lgodierp5@sourceforge.net
Hayes,Emilien,hemilienp6@arizona.edu
Craggie,Eversfield,ceversfieldp7@icio.us
Ladonna,Reddings,lreddingsp8@howstuffworks.com
Kylie,Glossop,kglossopp9@cam.ac.uk
Isador,Keningham,ikeninghampa@list-manage.com
Ardisj,Etty,aettypb@is.gd
Zollie,Peck,zpeckpc@eepurl.com
Willie,Labrum,wlabrumpd@tiny.cc
Carma,Withull,cwithullpe@ocn.ne.jp
Haily,Brenneke,hbrennekepf@vimeo.com
Lucais,January 1st,ljanuarystpg@g.co
Bryn,Melladew,bmelladewph@behance.net
Jeremy,Alban,jalbanpi@sphinn.com
Shayla,Dearnaly,sdearnalypj@mit.edu
Christabel,Chaffyn,cchaffynpk@telegraph.co.uk
Delilah,Leal,dlealpl@cmu.edu
Fabiano,Lages,flagespm@slideshare.net
Amelie,Rennenbach,arennenbachpn@accuweather.com
Hyacinthe,Aldersley,haldersleypo@hostgator.com
Gal,Skune,gskunepp@ustream.tv
Annabella,Stenton,astentonpq@arizona.edu
Leonidas,Folks,lfolkspr@twitpic.com
Llewellyn,Permain,lpermainps@whitehouse.gov
Lusa,Russel,lrusselpt@prlog.org
Tracie,Causley,tcausleypu@examiner.com
Rafe,Winstanley,rwinstanleypv@themeforest.net
Wat,Stuck,wstuckpw@deliciousdays.com
Leona,Scoggins,lscogginspx@buzzfeed.com
Fidel,Krzyzowski,fkrzyzowskipy@google.de
Rinaldo,Choppen,rchoppenpz@microsoft.com
Remus,Oherlihy,roherlihyq0@mapy.cz
Craig,Click,cclickq1@thetimes.co.uk
Sybil,Taggert,staggertq2@liveinternet.ru
Veronike,Cruddas,vcruddasq3@upenn.edu
Ario,Dullaghan,adullaghanq4@irs.gov
Isiahi,Jobes,ijobesq5@hubpages.com
Joane,Sutor,jsutorq6@hao123.com
Shurwood,Kingescot,skingescotq7@angelfire.com
Marie-jeanne,Decourt,mdecourtq8@discuz.net
Micheil,Ninnoli,mninnoliq9@dell.com
Nikaniki,Coweuppe,ncoweuppeqa@sohu.com
Debra,Kliemann,dkliemannqb@washingtonpost.com
Erastus,Kyttor,ekyttorqc@noaa.gov
Richie,Sifflett,rsifflettqd@bloglines.com
Anna-diane,Feldharker,afeldharkerqe@issuu.com
Sax,Bartoszek,sbartoszekqf@oaic.gov.au
Klarrisa,Follan,kfollanqg@domainmarket.com
Sancho,Stilwell,sstilwellqh@sogou.com
Ellyn,Manshaw,emanshawqi@sciencedaily.com
Wilow,MacDearmid,wmacdearmidqj@nba.com
Nerty,Beckhouse,nbeckhouseqk@prweb.com
Katherine,Beneyto,kbeneytoql@europa.eu
Bunnie,Repper,brepperqm@csmonitor.com
Lorne,O' Dornan,lodornanqn@disqus.com
Tull,McLauchlin,tmclauchlinqo@weebly.com
Cletis,Harcus,charcusqp@altervista.org
Pip,Bifield,pbifieldqq@chron.com
Maddie,Barthod,mbarthodqr@google.com
Erl,Barnshaw,ebarnshawqs@mapy.cz
Angeline,Kidsley,akidsleyqt@nyu.edu
Rafe,Chansonne,rchansonnequ@ustream.tv
Nora,Dmiterko,ndmiterkoqv@springer.com
Elia,Cobello,ecobelloqw@wikia.com
Natka,Morefield,nmorefieldqx@unicef.org
Claiborn,Hymer,chymerqy@paginegialle.it
Diann,McGrale,dmcgraleqz@twitter.com
Mart,St Louis,mstlouisr0@feedburner.com
Nathaniel,Gahagan,ngahaganr1@privacy.gov.au
Gregory,Suggey,gsuggeyr2@php.net
Sean,Friel,sfrielr3@google.pl
Elia,Albone,ealboner4@redcross.org
Trenton,Brickett,tbrickettr5@tripod.com
Daniella,Rojel,drojelr6@linkedin.com
Ladonna,Galler,lgallerr7@prnewswire.com
Melisse,Leighton,mleightonr8@digg.com
Kaspar,Diggles,kdigglesr9@unc.edu
Carolina,Balderson,cbaldersonra@parallels.com
Rollie,Lynas,rlynasrb@gizmodo.com
Cyndy,Litherborough,clitherboroughrc@umich.edu
Wendel,Slyman,wslymanrd@dailymotion.com
Cooper,Wyldes,cwyldesre@ycombinator.com
Miltie,Southby,msouthbyrf@smh.com.au
Rainer,Pischoff,rpischoffrg@about.com
Orelee,Trowl,otrowlrh@slate.com
Mathilda,Perrat,mperratri@pcworld.com
Padriac,Pocock,ppocockrj@europa.eu
Erroll,Mainston,emainstonrk@forbes.com
Shirlene,Cheeney,scheeneyrl@youtu.be
Nicole,Hammel,nhammelrm@geocities.com
Fredi,Croshaw,fcroshawrn@berkeley.edu
Vi,Stocky,vstockyro@forbes.com
Susi,Bassick,sbassickrp@harvard.edu
Gonzales,Exeter,gexeterrq@hao123.com
Elonore,Klewer,eklewerrr@hud.gov
